,Make_Origin,Relativity
0,Others/Unknown,1.00278337630193
1,Toyota,1.0
2,Japan/Korea,1.07504812746585
3,European,1.27937813734075
